2024-0001,Emily,Jones,FirstYear,Female,BSCHM
2024-0002,Susan,Miller,SecondYear,Male,BSCIVILENG
2024-0003,Anthony,Harris,FirstYear,Female,BAENG
2024-0004,Kevin,Clark,SecondYear,Male,BSHRM
2024-0005,Kimberly,Mitchell,FourthYear,Male,BSENTREP
2024-0006,Linda,Allen,FourthYear,Male,BAENG
2024-0007,Barbara,Young,ThirdYear,Female,BSN
2024-0008,William,Miller,ThirdYear,Male,BAPSYC
2024-0009,Linda,Hernandez,FourthYear,Female,BAPHILO
2024-0010,Kimberly,Jackson,FirstYear,Male,BSCOMPENG
2024-0011,Christopher,Martinez,ThirdYear,Male,BSECE
2024-0012,Charles,Williams,ThirdYear,Female,BPE
2024-0013,Mark,Adams,SecondYear,Male,BAPHILO
2024-0014,Betty,Hall,FourthYear,Male,BAPSYC
2024-0015,Mark,Campbell,ThirdYear,Male,BSCHM
2024-0016,James,Perez,SecondYear,Male,BSPH
2024-0017,Mary,King,SecondYear,Female,BSCIVILENG
2024-0018,Daniel,Flores,ThirdYear,Female,BSBAMM
2024-0019,Daniel,Smith,SecondYear,Male,BAPSYC
2024-0020,Patricia,King,FirstYear,Female,BSEDSCI
2024-0021,Anthony,Moore,FourthYear,Male,BSCS
2024-0022,William,Johnson,SecondYear,Male,BSIS
2024-0023,Steven,Lewis,FirstYear,Male,BSEDMATH
2024-0024,Brian,Young,ThirdYear,Female,BSCHM
2024-0025,James,Adams,ThirdYear,Male,BSENTREP
2024-0026,Carol,Perez,SecondYear,Male,BSEDMATH
2024-0027,Matthew,White,FirstYear,Female,BSEDSCI
2024-0028,Joshua,Moore,FourthYear,Female,BSHRM
2024-0029,Donna,Allen,FourthYear,Female,BSCS
2024-0030,Donald,Martinez,FirstYear,Female,BSHRM
2024-0031,Lisa,Miller,SecondYear,Female,BSSTAT
2024-0032,Richard,Martinez,SecondYear,Male,BSEDMATH
2024-0033,Barbara,Jackson,FirstYear,Female,BSIT
2024-0034,Mary,Rodriguez,ThirdYear,Female,BSIS
2024-0035,Dorothy,Garcia,ThirdYear,Male,BSEDSCI
2024-0036,Melissa,Miller,FirstYear,Male,BAPSYC
2024-0037,Barbara,Scott,ThirdYear,Male,BSHRM
2024-0038,Mark,Hill,SecondYear,Female,BSME
2024-0039,Linda,Brown,FirstYear,Female,BSIT
2024-0040,Kimberly,Baker,ThirdYear,Female,BSEDMATH
2024-0041,Ashley,Williams,SecondYear,Male,BSCHM
2024-0042,Michael,Hill,FirstYear,Male,BSCOMPENG
2024-0043,Patricia,Moore,SecondYear,Male,BSCS
2024-0044,Donald,Rodriguez,FirstYear,Female,BSCS
2024-0045,Deborah,Nelson,SecondYear,Male,BSCHM
2024-0046,Mary,Young,ThirdYear,Female,BSME
2024-0047,Emily,Moore,SecondYear,Male,BAPOLSCI
2024-0048,Richard,Johnson,ThirdYear,Female,BSEDSCI
2024-0049,Jessica,Miller,SecondYear,Male,BSCS
2024-0050,Brian,Thomas,FourthYear,Female,BSMATH
2024-0051,George,Sanchez,FirstYear,Male,BSME
2024-0052,David,Hall,ThirdYear,Female,BSBAMM
2024-0053,Donald,Rivera,FirstYear,Female,BSMATH
2024-0054,Mary,Rivera,FirstYear,Male,BASOC
2024-0055,Matthew,Thomas,FirstYear,Male,BAPHILO
2024-0056,Kimberly,Moore,SecondYear,Male,BSPH
2024-0057,Kenneth,Wright,ThirdYear,Female,BSBIO
2024-0058,Joshua,Lopez,FourthYear,Male,BSCIVILENG
2024-0059,Betty,Flores,ThirdYear,Female,BSHRM
2024-0060,Matthew,Martinez,ThirdYear,Male,BSIS
2024-0061,Amanda,Jackson,SecondYear,Female,BSBIO
2024-0062,Karen,Walker,SecondYear,Male,BSN
2024-0063,Kenneth,Walker,ThirdYear,Female,BSSTAT
2024-0064,Mary,Brown,SecondYear,Female,BSEDSCI
2024-0065,Andrew,Wright,FourthYear,Female,BPE
2024-0066,Emily,Flores,FirstYear,Male,BAENG
2024-0067,Thomas,Anderson,SecondYear,Male,BSEE
2024-0068,David,Lee,FourthYear,Male,BSEDMATH
2024-0069,Kevin,Martin,FirstYear,Female,BSCS
2024-0070,Jennifer,Rivera,ThirdYear,Male,BSCS
2024-0071,Deborah,Wright,FirstYear,Female,BSEDMATH
2024-0072,Jennifer,Torres,FirstYear,Male,BSSTAT
2024-0073,Sandra,Jones,FirstYear,Male,BSEDMATH
2024-0074,Joseph,Brown,SecondYear,Female,BMLS
2024-0075,Melissa,Lewis,ThirdYear,Male,BSEDSCI
2024-0076,Karen,Torres,FourthYear,Female,BSN
2024-0077,Sarah,Young,ThirdYear,Female,BSCIVILENG
2024-0078,Kimberly,Brown,ThirdYear,Female,BSECE
2024-0079,Karen,Brown,ThirdYear,Female,BAPHILO
2024-0080,Dorothy,Hall,SecondYear,Female,BSCS
2024-0081,Robert,Young,ThirdYear,Male,BSBAMM
2024-0082,William,Sanchez,FirstYear,Female,BSME
2024-0083,Kevin,Rodriguez,FourthYear,Female,BAENG
2024-0084,Elizabeth,Perez,ThirdYear,Female,BSCOMPENG
2024-0085,Carol,Lee,SecondYear,Male,BSEDENG
2024-0086,Kenneth,Brown,FourthYear,Male,BSHRM
2024-0087,Karen,Scott,FourthYear,Female,BSIT
2024-0088,William,Martin,ThirdYear,Male,BPE
2024-0089,John,Anderson,ThirdYear,Male,BSMATH
2024-0090,Sarah,Nguyen,FourthYear,Female,BSCOMPENG
2024-0091,Sandra,Perez,SecondYear,Male,BPE
2024-0092,John,Wilson,ThirdYear,Female,BSEDMATH
2024-0093,Matthew,Clark,FirstYear,Female,BSEDSCI
2024-0094,Donna,Ramirez,FourthYear,Female,BSIS
2024-0095,Ashley,Hernandez,SecondYear,Male,BSEDENG
2024-0096,Jennifer,Lopez,SecondYear,Female,BSBAFM
2024-0097,Steven,Jackson,SecondYear,Female,BSEE
2024-0098,Daniel,Perez,FirstYear,Female,BAPOLSCI
2024-0099,Melissa,Moore,SecondYear,Male,BAPSYC
2024-0100,Daniel,Nelson,ThirdYear,Female,BSPH
2025-0001,Matthew,Nelson,ThirdYear,Male,BSCOMPENG
2025-0002,Ashley,Wilson,SecondYear,Female,BSENTREP
2025-0003,Susan,Martinez,FirstYear,Male,BSBAMM
2025-0004,Thomas,Williams,FourthYear,Female,BSN
2025-0005,Donna,Lopez,SecondYear,Female,BSBAFM
2025-0006,Melissa,Jackson,SecondYear,Male,BSENTREP
2025-0007,Paul,Lopez,FourthYear,Female,BSECE
2025-0008,Betty,Martin,ThirdYear,Male,BAPHILO
2025-0009,Sarah,Walker,ThirdYear,Male,BSHRM
2025-0010,Donna,Garcia,FirstYear,Female,BSSTAT
2025-0011,Brian,Lopez,FourthYear,Female,BSCOMPENG
2025-0012,Michelle,Jackson,FourthYear,Female,BSEDSCI
2025-0013,Lisa,Campbell,FirstYear,Male,BAPOLSCI
2025-0014,Donna,Scott,FourthYear,Female,BSEE
2025-0015,Linda,Wright,SecondYear,Female,BSSTAT
2025-0016,Andrew,Flores,ThirdYear,Male,BSIS
2025-0017,Christopher,Campbell,FirstYear,Female,BSPH
2025-0018,Melissa,Garcia,FourthYear,Male,BSEE
2025-0019,George,Wilson,SecondYear,Male,BSHRM
2025-0020,Donald,Young,ThirdYear,Male,BSME
2025-0021,Joseph,Taylor,ThirdYear,Female,BAPHILO
2025-0022,William,Wright,FourthYear,Male,BSSTAT
2025-0023,Karen,Hill,FirstYear,Female,BSEE
2025-0024,Steven,Martinez,SecondYear,Female,BPE
2025-0025,Thomas,Hernandez,ThirdYear,Female,BPE
2025-0026,Mark,Mitchell,FirstYear,Female,BSSTAT
2025-0027,Michelle,Adams,ThirdYear,Female,BSIT
2025-0028,Paul,Davis,SecondYear,Female,BSMATH
2025-0029,Deborah,Martin,ThirdYear,Male,BSIT
2025-0030,Linda,Taylor,FirstYear,Female,BSMATH
2025-0031,Jessica,Baker,FourthYear,Male,BAENG
2025-0032,Anthony,Taylor,ThirdYear,Female,BAPOLSCI
2025-0033,Dorothy,Lopez,FirstYear,Male,BAPSYC
2025-0034,Jessica,Johnson,ThirdYear,Male,BSBAFM
2025-0035,Joshua,Gonzalez,SecondYear,Male,BSCIVILENG
2025-0036,Patricia,Hill,ThirdYear,Female,BSSTAT
2025-0037,Nancy,Miller,FirstYear,Male,BASOC
2025-0038,Ashley,Miller,ThirdYear,Male,BSCS
2025-0039,Richard,Baker,FourthYear,Female,BSSTAT
2025-0040,Kenneth,Lopez,FirstYear,Male,BSCIVILENG
2025-0041,Paul,Campbell,FourthYear,Female,BSEE
2025-0042,Jennifer,Thomas,SecondYear,Male,BSEDSCI
2025-0043,Ashley,Clark,ThirdYear,Male,BSEDENG
2025-0044,Deborah,Hall,SecondYear,Female,BSEE
2025-0045,John,Green,ThirdYear,Female,BAPOLSCI
2025-0046,Kimberly,Taylor,ThirdYear,Female,BPE
2025-0047,Steven,Campbell,FirstYear,Female,BSEE
2025-0048,Lisa,Perez,ThirdYear,Male,BSEDSCI
2025-0049,Anthony,Sanchez,SecondYear,Male,BSBIO
2025-0050,Linda,King,FirstYear,Male,BMLS
2025-0051,Sandra,Torres,SecondYear,Female,BSEDENG
2025-0052,Daniel,Robinson,FirstYear,Female,BPE
2025-0053,Andrew,Nelson,SecondYear,Male,BAENG
2025-0054,George,Brown,FirstYear,Female,BSIS
2025-0055,Kevin,Allen,ThirdYear,Female,BSEDENG
2025-0056,Amanda,Martinez,ThirdYear,Male,BSSTAT
2025-0057,Robert,Adams,FirstYear,Male,BSN
2025-0058,Nancy,Sanchez,FourthYear,Male,BSBIO
2025-0059,Sarah,Hernandez,ThirdYear,Female,BSIT
2025-0060,Karen,Ramirez,FirstYear,Female,BSENTREP
2025-0061,Donna,Green,FirstYear,Male,BSPH
2025-0062,John,Young,SecondYear,Male,BSIT
2025-0063,Donna,Jackson,ThirdYear,Male,BASOC
2025-0064,George,Lewis,ThirdYear,Male,BAENG
2025-0065,John,Hernandez,FirstYear,Female,BSN
2025-0066,Thomas,Garcia,FirstYear,Female,BSME
2025-0067,Michael,Wilson,FourthYear,Male,BAPHILO
2025-0068,Amanda,Nelson,SecondYear,Male,BSN
2025-0069,Mark,Lee,ThirdYear,Male,BAENG
2025-0070,Elizabeth,Lopez,FirstYear,Male,BSBAMM
2025-0071,Linda,Lewis,ThirdYear,Female,BAPOLSCI
2025-0072,George,Martin,ThirdYear,Male,BSECE
2025-0073,William,Thomas,SecondYear,Female,BAPSYC
2025-0074,Kevin,Moore,SecondYear,Female,BSCS
2025-0075,Sandra,Walker,ThirdYear,Female,BSPH
2025-0076,Kimberly,Thompson,ThirdYear,Female,BAPSYC
2025-0077,John,Lopez,SecondYear,Male,BPE
2025-0078,Melissa,Allen,FirstYear,Male,BSENTREP
2025-0079,Elizabeth,Anderson,SecondYear,Male,BMLS
2025-0080,Joshua,Thompson,SecondYear,Male,BSBIO
2025-0081,Betty,Thomas,FourthYear,Male,BSIS
2025-0082,Thomas,Green,ThirdYear,Male,BSEDSCI
2025-0083,Carol,Robinson,ThirdYear,Female,BSN
2025-0084,Charles,Flores,SecondYear,Female,BSMATH
2025-0085,Sandra,Brown,FirstYear,Male,BSCHM
2025-0086,Sandra,White,FirstYear,Female,BSIT
2025-0087,Sandra,Robinson,FourthYear,Male,BSIS
2025-0088,Melissa,Hernandez,FirstYear,Female,BPE
2025-0089,Paul,Johnson,FourthYear,Female,BSN
2025-0090,Nancy,Ramirez,FourthYear,Male,BSME
2025-0091,William,Jones,FirstYear,Female,BSCS
2025-0092,Linda,Hall,SecondYear,Male,BSENTREP
2025-0093,Kevin,Walker,SecondYear,Female,BSHRM
2025-0094,Betty,King,FourthYear,Female,BSCIVILENG
2025-0095,Patricia,Harris,FourthYear,Female,BSMATH
2025-0096,Steven,Rodriguez,ThirdYear,Male,BSMATH
2025-0097,Daniel,Adams,SecondYear,Male,BSCIVILENG
2025-0098,Robert,Robinson,FourthYear,Male,BSCS
2025-0099,Karen,Baker,SecondYear,Male,BSBIO
2025-0100,Barbara,Lee,SecondYear,Female,BSENTREP
2026-0001,George,Nguyen,ThirdYear,Female,BSEDSCI
2026-0002,Thomas,Taylor,SecondYear,Male,BSCS
2026-0003,Richard,Garcia,SecondYear,Male,BSBIO
2026-0004,Dorothy,Lee,FourthYear,Female,BSCIVILENG
2026-0005,Betty,Mitchell,SecondYear,Female,BAENG
2026-0006,Kevin,Lee,ThirdYear,Male,BSCHM
2026-0007,Linda,Thompson,FourthYear,Female,BPE
2026-0008,Amanda,Jones,SecondYear,Male,BSCOMPENG
2026-0009,George,Taylor,ThirdYear,Male,BSCOMPENG
2026-0010,Amanda,Hernandez,FirstYear,Male,BSIT
2026-0011,Linda,Rivera,FourthYear,Male,BSPH
2026-0012,Robert,Lee,SecondYear,Male,BSIS
2026-0013,Daniel,Wilson,FirstYear,Female,BSCHM
2026-0014,Ashley,Sanchez,ThirdYear,Female,BSIS
2026-0015,Thomas,Davis,ThirdYear,Male,BPE
2026-0016,Charles,Wright,FourthYear,Female,BSBAMM
2026-0017,Barbara,Hill,SecondYear,Female,BSEDMATH
2026-0018,Joshua,Nguyen,SecondYear,Female,BSEDSCI
2026-0019,David,White,FirstYear,Male,BAPHILO
2026-0020,Richard,Rivera,ThirdYear,Female,BSCIVILENG
2026-0021,Carol,Torres,FirstYear,Female,BSCS
2026-0022,Robert,Scott,FourthYear,Male,BSSTAT
2026-0023,Richard,Torres,FirstYear,Male,BSENTREP
2026-0024,Anthony,Ramirez,FirstYear,Female,BAPOLSCI
2026-0025,Matthew,Campbell,FirstYear,Male,BSENTREP
2026-0026,Carol,Jones,SecondYear,Female,BSIT
2026-0027,Carol,Martinez,ThirdYear,Male,BSIT
2026-0028,Andrew,Clark,FirstYear,Male,BSENTREP
2026-0029,Steven,Torres,ThirdYear,Male,BSCOMPENG
2026-0030,Jennifer,Adams,SecondYear,Female,BSMATH
2026-0031,Kenneth,Torres,FirstYear,Male,BSCHM
2026-0032,Daniel,Martin,SecondYear,Female,BSCIVILENG
2026-0033,Christopher,Lewis,FirstYear,Female,BSEDSCI
2026-0034,Andrew,Hernandez,FourthYear,Female,BAENG
2026-0035,Patricia,Baker,FourthYear,Female,BSN
2026-0036,Melissa,Martin,ThirdYear,Female,BSBIO
2026-0037,Paul,Jackson,FourthYear,Male,BSBAFM
2026-0038,Emily,Hill,FirstYear,Male,BSCS
2026-0039,Donna,Moore,FirstYear,Male,BSSTAT
2026-0040,John,Mitchell,FourthYear,Female,BSIT
2026-0041,Richard,Green,FirstYear,Male,BSCIVILENG
2026-0042,George,Nelson,SecondYear,Male,BSENTREP
2026-0043,Jennifer,Harris,SecondYear,Male,BSIT
2026-0044,Paul,Martinez,SecondYear,Female,BSENTREP
2026-0045,Donna,Brown,ThirdYear,Female,BSEDMATH
2026-0046,Patricia,Sanchez,FourthYear,Female,BSBAFM
2026-0047,Carol,Scott,SecondYear,Male,BSN
2026-0048,Kimberly,Gonzalez,ThirdYear,Male,BSPH
2026-0049,Kimberly,Johnson,FourthYear,Male,BAPSYC
2026-0050,Emily,Harris,FirstYear,Male,BSMATH
2026-0051,Donna,Lee,FirstYear,Male,BSBIO
2026-0052,Daniel,Hernandez,FourthYear,Female,BSPH
2026-0053,Susan,Nelson,FourthYear,Male,BSEDSCI
2026-0054,Amanda,Davis,ThirdYear,Male,BSCS
2026-0055,Barbara,Lopez,FourthYear,Female,BSBIO
2026-0056,Andrew,Taylor,SecondYear,Female,BSCS
2026-0057,Amanda,Mitchell,SecondYear,Female,BSPH
2026-0058,Emily,Rivera,ThirdYear,Male,BPE
2026-0059,Emily,Adams,FourthYear,Male,BASOC
2026-0060,James,Clark,SecondYear,Female,BAENG
2026-0061,Susan,Perez,FourthYear,Male,BSBAMM
2026-0062,Amanda,Wilson,SecondYear,Female,BSEDENG
2026-0063,Thomas,Nelson,SecondYear,Male,BSIS
2026-0064,Karen,Mitchell,SecondYear,Female,BSIT
2026-0065,David,Nelson,SecondYear,Male,BSIT
2026-0066,Nancy,Anderson,FourthYear,Female,BAPHILO
2026-0067,John,Scott,FirstYear,Female,BASOC
2026-0068,Karen,Robinson,FourthYear,Male,BSEDMATH
2026-0069,Jessica,Sanchez,FourthYear,Female,BAPHILO
2026-0070,Joseph,Young,FirstYear,Female,BSEDSCI
2026-0071,Sarah,Hall,FourthYear,Female,BASOC
2026-0072,Sarah,Nelson,ThirdYear,Male,BSPH
2026-0073,Steven,Moore,FourthYear,Female,BSBIO
2026-0074,John,Taylor,FirstYear,Female,BSN
2026-0075,Matthew,Perez,SecondYear,Male,BMLS
2026-0076,Dorothy,Young,SecondYear,Female,BSMATH
2026-0077,Kevin,Ramirez,FirstYear,Female,BSN
2026-0078,James,Sanchez,FourthYear,Male,BSENTREP
2026-0079,Thomas,Scott,ThirdYear,Female,BSPH
2026-0080,Thomas,Young,ThirdYear,Female,BMLS
2026-0081,William,Hall,SecondYear,Male,BSBAFM
2026-0082,Amanda,Clark,ThirdYear,Female,BSN
2026-0083,Lisa,Williams,FourthYear,Male,BAENG
2026-0084,Karen,Green,ThirdYear,Female,BSIS
2026-0085,Jessica,Williams,FirstYear,Male,BSIT
2026-0086,Karen,Lopez,ThirdYear,Female,BSBIO
2026-0087,Kevin,Mitchell,FirstYear,Female,BSEDENG
2026-0088,Andrew,Scott,SecondYear,Male,BMLS
2026-0089,Patricia,Ramirez,FirstYear,Male,BSPH
2026-0090,Thomas,Harris,SecondYear,Female,BMLS
2026-0091,Kevin,Flores,FirstYear,Male,BSCHM
2026-0092,Sarah,Sanchez,FourthYear,Female,BSBAFM
2026-0093,Amanda,Gonzalez,FirstYear,Male,BSEDSCI
2026-0094,Sarah,Jones,FourthYear,Male,BSN
2026-0095,Nancy,Thompson,ThirdYear,Female,BAPHILO
2026-0096,Mary,Perez,ThirdYear,Female,BSCHM
2026-0097,Anthony,Mitchell,ThirdYear,Male,BSEDSCI
2026-0098,Ashley,Harris,ThirdYear,Male,BAPOLSCI
2026-0099,Melissa,Wilson,FirstYear,Male,BSN
2026-0100,Paul,Williams,SecondYear,Female,BSBAFM
2027-0001,Anthony,Johnson,FirstYear,Male,BSENTREP
2027-0002,Lisa,Thompson,ThirdYear,Female,BSEDSCI
2027-0003,Daniel,Miller,ThirdYear,Female,BAPHILO
2027-0004,Kevin,Brown,ThirdYear,Female,BSEDMATH
2027-0005,Dorothy,Moore,FirstYear,Female,BSCOMPENG
2027-0006,Daniel,Brown,FirstYear,Female,BMLS
2027-0007,Amanda,Thomas,ThirdYear,Female,BASOC
2027-0008,Deborah,Ramirez,SecondYear,Male,BSEDSCI
2027-0009,Michelle,Johnson,FourthYear,Male,BSIT
2027-0010,Kenneth,Scott,ThirdYear,Female,BSN
2027-0011,David,Adams,FirstYear,Female,BSEDENG
2027-0012,William,Ramirez,SecondYear,Male,BMLS
2027-0013,George,Gonzalez,FourthYear,Male,BSIS
2027-0014,Carol,White,SecondYear,Female,BSPH
2027-0015,George,Hall,FirstYear,Male,BSEDSCI
2027-0016,Paul,Martin,FourthYear,Female,BAPHILO
2027-0017,Daniel,Ramirez,FourthYear,Female,BMLS
2027-0018,Donald,Wilson,FourthYear,Male,BSBAFM
2027-0019,Carol,Ramirez,FourthYear,Female,BSCS
2027-0020,Michael,Miller,ThirdYear,Male,BAPSYC
2027-0021,William,Allen,ThirdYear,Female,BSCHM
2027-0022,Carol,Walker,SecondYear,Male,BSEDENG
2027-0023,Steven,Sanchez,FirstYear,Male,BSCHM
2027-0024,Susan,Lee,SecondYear,Female,BPE
2027-0025,Paul,Clark,SecondYear,Male,BSEDSCI
2027-0026,Betty,Campbell,FourthYear,Female,BSBAMM
2027-0027,Ashley,Thomas,FourthYear,Male,BSCIVILENG
2027-0028,Brian,Garcia,SecondYear,Female,BSIS
2027-0029,John,Ramirez,FirstYear,Female,BSCS
2027-0030,Kimberly,Miller,FirstYear,Female,BSMATH
2027-0031,Nancy,Lewis,ThirdYear,Female,BSSTAT
2027-0032,James,Jones,SecondYear,Male,BAPOLSCI
2027-0033,Daniel,Hall,SecondYear,Female,BSCOMPENG
2027-0034,Nancy,Nelson,ThirdYear,Female,BSBIO
2027-0035,Kimberly,Harris,FirstYear,Female,BSCS
2027-0036,Charles,Johnson,SecondYear,Male,BSEDENG
2027-0037,Sarah,Taylor,FourthYear,Female,BMLS
2027-0038,Mary,Thomas,FirstYear,Female,BSEDENG
2027-0039,Steven,Rivera,FourthYear,Female,BSSTAT
2027-0040,Carol,Hill,FourthYear,Female,BSSTAT
2027-0041,Kimberly,Young,FirstYear,Female,BSHRM
2027-0042,Dorothy,Ramirez,FourthYear,Male,BASOC
2027-0043,Joseph,Lee,SecondYear,Female,BSCOMPENG
2027-0044,Donald,Moore,ThirdYear,Male,BASOC
2027-0045,Lisa,Torres,FourthYear,Female,BSBIO
2027-0046,George,Wright,FirstYear,Male,BSCHM
2027-0047,Anthony,Garcia,SecondYear,Female,BPE
2027-0048,Sarah,Lewis,FirstYear,Female,BSCHM
2027-0049,Christopher,Nguyen,FourthYear,Male,BSBIO
2027-0050,Mary,Hall,ThirdYear,Male,BSMATH
2027-0051,Daniel,Harris,FirstYear,Female,BSIT
2027-0052,Lisa,White,FirstYear,Male,BSBAFM
2027-0053,David,Green,FirstYear,Female,BSEDENG
2027-0054,Jessica,Thomas,SecondYear,Female,BAENG
2027-0055,Emily,Walker,FourthYear,Male,BSSTAT
2027-0056,Melissa,Young,SecondYear,Male,BSCS
2027-0057,Mary,Davis,FourthYear,Female,BSMATH
2027-0058,Donald,Flores,FirstYear,Female,BSBAFM
2027-0059,Donald,Baker,SecondYear,Male,BSEDENG
2027-0060,Joshua,Wilson,FourthYear,Female,BMLS
2027-0061,Carol,King,ThirdYear,Female,BSCOMPENG
2027-0062,James,King,ThirdYear,Male,BSIT
2027-0063,William,Perez,ThirdYear,Male,BSSTAT
2027-0064,Betty,Anderson,SecondYear,Male,BSCS
2027-0065,James,Walker,FourthYear,Male,BSN
2027-0066,Steven,Thompson,SecondYear,Male,BSEDMATH
2027-0067,James,Wilson,ThirdYear,Male,BSEDMATH
2027-0068,Elizabeth,Davis,SecondYear,Male,BSCHM
2027-0069,George,Williams,FirstYear,Male,BSME
2027-0070,Betty,Jones,FourthYear,Male,BSECE
2027-0071,Melissa,Sanchez,FourthYear,Female,BSCS
2027-0072,William,Lee,SecondYear,Female,BSN
2027-0073,Sarah,Torres,FirstYear,Male,BMLS
2027-0074,Michelle,White,FirstYear,Male,BSHRM
2027-0075,Daniel,Martinez,FourthYear,Male,BAPSYC
2027-0076,Joshua,Brown,FirstYear,Male,BSCIVILENG
2027-0077,Mark,Garcia,FirstYear,Female,BSIT
2027-0078,Thomas,Torres,FirstYear,Male,BSN
2027-0079,Joshua,Allen,FourthYear,Male,BSEDENG
2027-0080,Donald,Mitchell,SecondYear,Male,BSEDSCI
2027-0081,Deborah,Hernandez,FirstYear,Female,BAPHILO
2027-0082,Donald,Gonzalez,FirstYear,Male,BSMATH
2027-0083,Sarah,Rodriguez,FourthYear,Female,BMLS
2027-0084,Dorothy,Walker,FirstYear,Male,BSIT
2027-0085,Susan,Williams,SecondYear,Female,BSBAMM
2027-0086,Michael,Adams,SecondYear,Female,BSIT
2027-0087,Betty,Green,SecondYear,Female,BSME
2027-0088,Dorothy,Hill,ThirdYear,Female,BSENTREP
2027-0089,Amanda,Harris,ThirdYear,Female,BSCIVILENG
2027-0090,Karen,White,ThirdYear,Female,BPE
2027-0091,John,Hall,ThirdYear,Female,BSEE
2027-0092,Andrew,Walker,ThirdYear,Female,BSCS
2027-0093,Anthony,Allen,FourthYear,Male,BSCHM
2027-0094,Anthony,Adams,SecondYear,Female,BSME
2027-0095,Mary,Nguyen,SecondYear,Female,BMLS
2027-0096,Susan,Allen,SecondYear,Male,BSCS
2027-0097,Anthony,Wright,SecondYear,Male,BSMATH
2027-0098,Mary,Johnson,SecondYear,Female,BSEDENG
2027-0099,Melissa,Johnson,ThirdYear,Female,BASOC
2027-0100,Thomas,Perez,ThirdYear,Female,BSEDSCI
2028-0001,Deborah,Smith,FirstYear,Male,BSHRM
2028-0002,Kimberly,Martinez,ThirdYear,Female,BASOC
2028-0003,Sandra,Thomas,SecondYear,Male,BAPSYC
2028-0004,Mark,Rivera,SecondYear,Male,BSN
2028-0005,Susan,Martin,ThirdYear,Female,BSIS
2028-0006,Jennifer,Martin,SecondYear,Female,BSIS
2028-0007,Paul,Lee,FirstYear,Female,BSCS
2028-0008,George,Thompson,SecondYear,Female,BAPSYC
2028-0009,Nancy,Hernandez,FourthYear,Female,BAPSYC
2028-0010,Anthony,Lee,ThirdYear,Male,BAENG
2028-0011,Emily,Lee,FourthYear,Male,BSMATH
2028-0012,Sandra,Wright,ThirdYear,Male,BAENG
2028-0013,Mark,Baker,FourthYear,Female,BSCS
2028-0014,Mark,Wright,SecondYear,Female,BAPSYC
2028-0015,Kevin,Anderson,ThirdYear,Female,BSEDENG
2028-0016,Patricia,Green,FirstYear,Male,BSENTREP
2028-0017,William,Moore,FirstYear,Male,BSCIVILENG
2028-0018,Karen,Gonzalez,FourthYear,Female,BSCHM
2028-0019,Ashley,Adams,FourthYear,Female,BSBAMM
2028-0020,Joshua,Jones,ThirdYear,Female,BSMATH
2028-0021,Kenneth,Davis,FourthYear,Female,BSECE
2028-0022,Betty,Garcia,ThirdYear,Male,BSEDENG
2028-0023,Sarah,Jackson,SecondYear,Male,BSN
2028-0024,Dorothy,Green,ThirdYear,Male,BSEDSCI
2028-0025,Sarah,White,FirstYear,Female,BAPSYC
2028-0026,Anthony,Miller,FirstYear,Male,BSIS
2028-0027,Matthew,Lee,FourthYear,Male,BMLS
2028-0028,Robert,Smith,SecondYear,Female,BSBAMM
2028-0029,Charles,Perez,SecondYear,Male,BSCIVILENG
2028-0030,William,Flores,FirstYear,Male,BMLS
2028-0031,Michelle,Hill,FirstYear,Male,BSECE
2028-0032,David,Perez,FourthYear,Male,BSENTREP
2028-0033,Andrew,Hall,ThirdYear,Male,BSECE
2028-0034,Brian,Gonzalez,SecondYear,Female,BSECE
2028-0035,David,Davis,FourthYear,Female,BSBAMM
2028-0036,Barbara,Miller,FirstYear,Female,BSIT
2028-0037,Donald,Martin,FirstYear,Male,BSHRM
2028-0038,Donald,Scott,FourthYear,Female,BSCS
2028-0039,Susan,Wilson,FourthYear,Male,BSCS
2028-0040,Anthony,Martin,FourthYear,Male,BSIS
2028-0041,Daniel,Wright,SecondYear,Male,BSCOMPENG
2028-0042,Nancy,Moore,FourthYear,Male,BAENG
2028-0043,Matthew,Ramirez,ThirdYear,Female,BSBIO
2028-0044,Sandra,Nelson,FourthYear,Female,BSN
2028-0045,Deborah,White,ThirdYear,Male,BSBAMM
2028-0046,Michelle,Young,FourthYear,Female,BAPSYC
2028-0047,Emily,Baker,SecondYear,Female,BSCHM
2028-0048,Sarah,Miller,FirstYear,Female,BSECE
2028-0049,Thomas,Martin,FirstYear,Female,BSBAFM
2028-0050,Barbara,Thomas,FirstYear,Female,BSBAMM
2028-0051,Andrew,Jackson,FirstYear,Male,BAPSYC
2028-0052,Sandra,King,ThirdYear,Male,BSCIVILENG
2028-0053,Linda,Miller,ThirdYear,Female,BSN
2028-0054,Donna,Wright,ThirdYear,Female,BSIS
2028-0055,Karen,Perez,SecondYear,Female,BSCS
2028-0056,Kimberly,Davis,ThirdYear,Female,BSBAMM
2028-0057,Michael,Young,ThirdYear,Male,BSIS
2028-0058,Elizabeth,Jones,ThirdYear,Male,BSIS
2028-0059,Christopher,Hill,FirstYear,Male,BSCHM
2028-0060,Christopher,Young,FourthYear,Male,BSBAFM
2028-0061,Lisa,Nelson,SecondYear,Male,BASOC
2028-0062,Kenneth,Mitchell,FourthYear,Female,BSBAFM
2028-0063,William,Lewis,FourthYear,Male,BASOC
2028-0064,Emily,White,SecondYear,Male,BSECE
2028-0065,Kevin,Lopez,FourthYear,Male,BSIS
2028-0066,Daniel,Thompson,FourthYear,Male,BMLS
2028-0067,Charles,Allen,ThirdYear,Female,BSECE
2028-0068,Brian,Jones,FourthYear,Male,BSECE
2028-0069,Carol,Lopez,ThirdYear,Female,BSIS
2028-0070,Steven,Jones,FirstYear,Male,BAPHILO
2028-0071,George,Lee,FirstYear,Female,BSIT
2028-0072,Betty,Wright,SecondYear,Male,BSCOMPENG
2028-0073,Melissa,Anderson,SecondYear,Female,BSENTREP
2028-0074,James,Green,SecondYear,Female,BSBAFM
2028-0075,Nancy,Nguyen,FirstYear,Female,BSSTAT
2028-0076,Michelle,Rodriguez,SecondYear,Male,BSECE
2028-0077,Kenneth,Gonzalez,FirstYear,Male,BSCOMPENG
2028-0078,William,Scott,ThirdYear,Female,BSCS
2028-0079,Elizabeth,Brown,ThirdYear,Male,BSPH
2028-0080,William,Gonzalez,ThirdYear,Male,BSIT
2028-0081,Jennifer,King,ThirdYear,Male,BAPSYC
2028-0082,Nancy,Hall,ThirdYear,Female,BSCOMPENG
2028-0083,Nancy,Perez,FirstYear,Female,BSIS
2028-0084,Richard,Williams,FirstYear,Male,BSCOMPENG
2028-0085,Deborah,Adams,SecondYear,Female,BSEE
2028-0086,Patricia,Thomas,FirstYear,Female,BSCS
2028-0087,Joseph,Adams,FirstYear,Male,BSECE
2028-0088,Deborah,Clark,FourthYear,Male,BAPSYC
2028-0089,James,Rodriguez,FourthYear,Male,BMLS
2028-0090,Mark,Miller,FirstYear,Male,BSMATH
2028-0091,Ashley,Baker,ThirdYear,Female,BSEDENG
2028-0092,Richard,Hall,FirstYear,Male,BSEDSCI
2028-0093,John,King,FourthYear,Male,BAPHILO
2028-0094,Elizabeth,Hernandez,SecondYear,Male,BAPOLSCI
2028-0095,Michelle,Harris,ThirdYear,Male,BSBAFM
2028-0096,Jessica,Hall,SecondYear,Male,BAPHILO
2028-0097,Linda,Flores,FourthYear,Female,BSCHM
2028-0098,Patricia,Scott,SecondYear,Female,BSEDSCI
2028-0099,Steven,Lopez,FourthYear,Male,BASOC
2028-0100,Michael,Anderson,FirstYear,Female,BSPH
2029-0001,Dorothy,Rivera,FourthYear,Female,BMLS
2029-0002,Kenneth,White,SecondYear,Male,BAPHILO
2029-0003,Betty,Robinson,SecondYear,Male,BAENG
2029-0004,Carol,Thomas,FirstYear,Female,BSBAMM
2029-0005,Mary,Ramirez,ThirdYear,Female,BSCS
2029-0006,Susan,Hall,SecondYear,Female,BSCHM
2029-0007,Kevin,Thomas,SecondYear,Male,BSME
2029-0008,Robert,Wilson,FirstYear,Male,BSBAFM
2029-0009,Steven,Scott,ThirdYear,Female,BSBAFM
2029-0010,Elizabeth,King,SecondYear,Female,BMLS
2029-0011,James,Ramirez,ThirdYear,Female,BSBAFM
2029-0012,Susan,Young,ThirdYear,Male,BSN
2029-0013,Kevin,King,SecondYear,Female,BSCHM
2029-0014,Daniel,Clark,FirstYear,Female,BAPOLSCI
2029-0015,Paul,Nelson,FirstYear,Female,BSENTREP
2029-0016,Ashley,Ramirez,SecondYear,Male,BSCS
2029-0017,Jessica,Green,ThirdYear,Female,BAPHILO
2029-0018,Jennifer,Wright,ThirdYear,Female,BSIT
2029-0019,Joseph,Smith,SecondYear,Female,BSEDENG
2029-0020,William,Thompson,ThirdYear,Male,BSPH
2029-0021,Betty,Walker,ThirdYear,Female,BAPOLSCI
2029-0022,Patricia,Young,FourthYear,Female,BSCHM
2029-0023,Michelle,Williams,FourthYear,Male,BMLS
2029-0024,Emily,Jackson,FourthYear,Female,BSENTREP
2029-0025,Steven,Clark,FirstYear,Female,BSCS
2029-0026,Jessica,Young,FourthYear,Female,BSIS
2029-0027,David,Rodriguez,ThirdYear,Male,BSEDSCI
2029-0028,Charles,Martin,ThirdYear,Female,BSIT
2029-0029,David,Anderson,ThirdYear,Female,BSBIO
2029-0030,Daniel,Garcia,FirstYear,Female,BSEE
2029-0031,David,Johnson,SecondYear,Female,BSEDMATH
2029-0032,John,Rodriguez,SecondYear,Female,BSCS
2029-0033,Paul,Sanchez,FourthYear,Female,BSIS
2029-0034,Michael,Williams,FirstYear,Female,BAPSYC
2029-0035,John,Baker,SecondYear,Male,BSMATH
2029-0036,Matthew,Brown,FirstYear,Male,BAPHILO
2029-0037,Kimberly,Hill,SecondYear,Male,BSIT
2029-0038,Joshua,Anderson,ThirdYear,Male,BSEDSCI
2029-0039,Christopher,King,ThirdYear,Female,BSEDENG
2029-0040,Mark,Hernandez,FourthYear,Male,BAPOLSCI
2029-0041,Kenneth,Martinez,ThirdYear,Male,BPE
2029-0042,Charles,Nelson,FirstYear,Male,BSCHM
2029-0043,Susan,Nguyen,ThirdYear,Female,BSN
2029-0044,Anthony,Thomas,FirstYear,Female,BSIT
2029-0045,Donald,Hall,FirstYear,Male,BSEE
2029-0046,Nancy,Williams,FourthYear,Male,BAENG
2029-0047,Donna,Nelson,FirstYear,Male,BSIS
2029-0048,Nancy,Mitchell,SecondYear,Female,BSSTAT
2029-0049,Jessica,Brown,FirstYear,Male,BSEE
2029-0050,Elizabeth,Rodriguez,FirstYear,Female,BSECE
2029-0051,Charles,Garcia,FirstYear,Male,BSCOMPENG
2029-0052,Emily,Robinson,FourthYear,Male,BSIT
2029-0053,Karen,Rivera,FourthYear,Female,BSBAMM
2029-0054,Barbara,Martinez,FourthYear,Female,BSCS
2029-0055,Steven,Nelson,SecondYear,Male,BSEDENG
2029-0056,Matthew,Miller,SecondYear,Female,BPE
2029-0057,Barbara,Robinson,ThirdYear,Male,BSCHM
2029-0058,Michael,Brown,FourthYear,Female,BMLS
2029-0059,Betty,Gonzalez,FirstYear,Female,BSEE
2029-0060,Susan,Lopez,FourthYear,Male,BSEDENG
2029-0061,Kimberly,Adams,FirstYear,Female,BSIT
2029-0062,Anthony,Jackson,FirstYear,Female,BAENG
2029-0063,Ashley,Flores,FirstYear,Male,BSBAMM
2029-0064,Donna,Martinez,FirstYear,Female,BSIS
2029-0065,Joshua,Lewis,FourthYear,Female,BMLS
2029-0066,Kevin,White,ThirdYear,Female,BSECE
2029-0067,Donna,Mitchell,ThirdYear,Female,BSENTREP
2029-0068,Patricia,Taylor,FirstYear,Female,BAPOLSCI
2029-0069,Donald,Thompson,FourthYear,Female,BSIS
2029-0070,Kevin,Hill,FourthYear,Male,BSEE
2029-0071,Michelle,Walker,FirstYear,Male,BSBAFM
2029-0072,Daniel,Sanchez,FirstYear,Male,BSECE
2029-0073,Christopher,Lee,SecondYear,Female,BSME
2029-0074,Kenneth,Thompson,FirstYear,Male,BSCOMPENG
2029-0075,William,Jackson,SecondYear,Male,BSCOMPENG
2029-0076,Ashley,Brown,SecondYear,Female,BSECE
2029-0077,Melissa,Harris,ThirdYear,Female,BSECE
2029-0078,David,Clark,SecondYear,Female,BSPH
2029-0079,Karen,King,SecondYear,Male,BSEDENG
2029-0080,Linda,Jackson,FirstYear,Male,BSENTREP
2029-0081,Ashley,Campbell,SecondYear,Male,BMLS
2029-0082,Carol,Anderson,SecondYear,Male,BSEDSCI
2029-0083,James,Hernandez,FirstYear,Female,BSCS
2029-0084,David,Flores,ThirdYear,Male,BSIT
2029-0085,Joseph,Ramirez,SecondYear,Female,BSIS
2029-0086,Thomas,Robinson,FirstYear,Female,BSSTAT
2029-0087,Sandra,Thompson,FirstYear,Male,BMLS
2029-0088,William,Taylor,FirstYear,Male,BAENG
2029-0089,Joshua,Jackson,SecondYear,Male,BSEDENG
2029-0090,Dorothy,Thomas,FirstYear,Male,BSECE
2029-0091,Brian,Scott,FirstYear,Female,BSENTREP
2029-0092,Kevin,Scott,FirstYear,Female,BSHRM
2029-0093,William,Young,ThirdYear,Male,BSPH
2029-0094,George,Hill,FirstYear,Female,BAPSYC
2029-0095,Amanda,Baker,FirstYear,Male,BSN
2029-0096,Mark,Williams,FirstYear,Male,BMLS
2029-0097,Richard,Hernandez,FirstYear,Male,BSCS
2029-0098,Elizabeth,Clark,SecondYear,Male,BSBIO
2029-0099,Michael,Thompson,FirstYear,Female,BSIS
2029-0100,Amanda,Brown,SecondYear,Female,BSSTAT
2030-0001,Mark,Thompson,ThirdYear,Female,BSBAMM
2030-0002,Jessica,King,ThirdYear,Male,BSBIO
2030-0003,Betty,Hernandez,SecondYear,Male,BSBIO
2030-0004,Emily,Wright,FourthYear,Female,BSSTAT
2030-0005,Elizabeth,Robinson,SecondYear,Female,BSSTAT
2030-0006,Paul,Hall,SecondYear,Female,BSIS
2030-0007,Dorothy,Smith,FirstYear,Male,BSENTREP
2030-0008,Carol,Nguyen,FourthYear,Female,BSHRM
2030-0009,Brian,Martin,SecondYear,Male,BSEDMATH
2030-0010,Dorothy,Jones,SecondYear,Female,BSCHM
2030-0011,Brian,Moore,SecondYear,Male,BSIT
2030-0012,Michelle,Anderson,SecondYear,Male,BSBAFM
2030-0013,Mark,Sanchez,SecondYear,Female,BSIS
2030-0014,Thomas,Moore,FourthYear,Male,BSME
2030-0015,Michelle,Mitchell,FirstYear,Male,BSBIO
2030-0016,Melissa,Smith,SecondYear,Female,BPE
2030-0017,Patricia,Anderson,FirstYear,Male,BSCS
2030-0018,Karen,Allen,SecondYear,Female,BSBIO
2030-0019,Carol,Lewis,FirstYear,Female,BSCHM
2030-0020,Joseph,Martinez,FirstYear,Female,BSCS
2030-0021,Lisa,Allen,SecondYear,Female,BSPH
2030-0022,Daniel,Rodriguez,FourthYear,Female,BSIS
2030-0023,Ashley,Martin,ThirdYear,Female,BSPH
2030-0024,Michael,Rivera,FirstYear,Female,BSCHM
2030-0025,Charles,Wilson,FourthYear,Male,BASOC
2030-0026,Kevin,Campbell,FirstYear,Male,BSME
2030-0027,Richard,Thompson,FirstYear,Female,BAPOLSCI
2030-0028,Christopher,Taylor,SecondYear,Male,BASOC
2030-0029,Brian,Taylor,SecondYear,Female,BSMATH
2030-0030,Deborah,Jackson,ThirdYear,Female,BSEE
2030-0031,Carol,Brown,FirstYear,Female,BMLS
2030-0032,Daniel,Taylor,FourthYear,Male,BSCHM
2030-0033,Charles,Ramirez,ThirdYear,Female,BAPHILO
2030-0034,Kevin,Nguyen,SecondYear,Female,BSIS
2030-0035,Christopher,Hernandez,FourthYear,Female,BSEDMATH
2030-0036,Brian,Flores,SecondYear,Female,BSBAFM
2030-0037,Paul,Nguyen,FirstYear,Male,BAENG
2030-0038,David,Lopez,ThirdYear,Female,BAPSYC
2030-0039,Sarah,Brown,SecondYear,Male,BAPHILO
2030-0040,Barbara,Lewis,FirstYear,Female,BSEDENG
2030-0041,Kevin,Wilson,ThirdYear,Male,BASOC
2030-0042,William,Rodriguez,ThirdYear,Female,BSENTREP
2030-0043,Charles,White,SecondYear,Female,BSEE
2030-0044,Emily,Mitchell,FourthYear,Male,BASOC
2030-0045,Donna,Young,FirstYear,Female,BSBAFM
2030-0046,Joshua,Baker,SecondYear,Female,BSBAFM
2030-0047,John,Torres,ThirdYear,Male,BSCOMPENG
2030-0048,Linda,Garcia,SecondYear,Female,BSSTAT
2030-0049,Kevin,Williams,ThirdYear,Female,BSHRM
2030-0050,Mary,Jackson,FirstYear,Male,BSEE
2030-0051,Deborah,Garcia,SecondYear,Male,BSCIVILENG
2030-0052,Joshua,Rodriguez,ThirdYear,Male,BAPSYC
2030-0053,Richard,Lee,FirstYear,Female,BSIT
2030-0054,Michael,Allen,FirstYear,Female,BSHRM
2030-0055,Christopher,Garcia,FirstYear,Male,BAPHILO
2030-0056,James,Gonzalez,FourthYear,Male,BAENG
2030-0057,Jessica,White,SecondYear,Female,BMLS
2030-0058,Dorothy,Clark,ThirdYear,Male,BSMATH
2030-0059,Steven,Robinson,FirstYear,Female,BSN
2030-0060,Deborah,Torres,ThirdYear,Female,BSIT
2030-0061,Andrew,Robinson,FourthYear,Female,BAPOLSCI
2030-0062,Joseph,Martin,SecondYear,Female,BAPSYC
2030-0063,Anthony,Wilson,FourthYear,Male,BSMATH
2030-0064,Donna,Williams,SecondYear,Male,BSIS
2030-0065,Brian,Williams,FourthYear,Female,BSME
2030-0066,Nancy,Robinson,FourthYear,Female,BSSTAT
2030-0067,Kimberly,Rivera,FourthYear,Female,BSPH
2030-0068,Charles,Rivera,FourthYear,Male,BPE
2030-0069,Joshua,Young,FourthYear,Male,BSN
2030-0070,Sandra,Miller,FirstYear,Female,BSPH
2030-0071,Thomas,Rivera,ThirdYear,Female,BSSTAT
2030-0072,Kevin,Gonzalez,ThirdYear,Male,BSCIVILENG
2030-0073,Joshua,Lee,ThirdYear,Female,BSBIO
2030-0074,Charles,Campbell,SecondYear,Female,BSPH
2030-0075,Linda,Thomas,FourthYear,Female,BSEE
2030-0076,Robert,Thomas,ThirdYear,Male,BAPHILO
2030-0077,Thomas,Ramirez,SecondYear,Male,BSCOMPENG
2030-0078,Susan,Brown,FourthYear,Male,BMLS
2030-0079,Anthony,Martinez,FourthYear,Female,BSBAMM
2030-0080,Robert,Brown,FirstYear,Female,BSEDENG
2030-0081,Kenneth,Martin,FirstYear,Male,BSIT
2030-0082,Lisa,Martinez,FourthYear,Male,BSME
2030-0083,Jessica,Mitchell,SecondYear,Female,BSBIO
2030-0084,Donald,Walker,ThirdYear,Male,BSCOMPENG
2030-0085,Jessica,Gonzalez,SecondYear,Female,BSN
2030-0086,Richard,Hill,SecondYear,Female,BSBIO
2030-0087,Brian,Jackson,FirstYear,Female,BASOC
2030-0088,Mary,Torres,ThirdYear,Female,BSHRM
2030-0089,Linda,Green,FirstYear,Female,BSBAFM
2030-0090,Mark,Lopez,SecondYear,Female,BSHRM
2030-0091,Lisa,Rivera,ThirdYear,Female,BSEE
2030-0092,Andrew,Hill,ThirdYear,Female,BSENTREP
2030-0093,Kenneth,Allen,FirstYear,Female,BASOC
2030-0094,Michelle,Martinez,FourthYear,Female,BAPOLSCI
2030-0095,Kevin,Lewis,FourthYear,Female,BSN
2030-0096,Thomas,Thompson,FirstYear,Female,BPE
2030-0097,Kimberly,White,SecondYear,Female,BAPOLSCI
2030-0098,Mary,Baker,ThirdYear,Male,BSEDMATH
2030-0099,Amanda,Nguyen,FourthYear,Female,BSPH
2030-0100,John,Hill,FourthYear,Male,BPE
2031-0001,James,Miller,ThirdYear,Female,BSHRM
2031-0002,Karen,Hall,SecondYear,Male,BMLS
2031-0003,Anthony,Hill,SecondYear,Male,BAPOLSCI
2031-0004,Karen,Martin,FourthYear,Male,BSBAMM
2031-0005,Christopher,Green,SecondYear,Female,BAENG
2031-0006,Carol,Wilson,ThirdYear,Female,BSBAFM
2031-0007,Patricia,Lewis,ThirdYear,Female,BAPOLSCI
2031-0008,Dorothy,Wilson,FourthYear,Female,BSEE
2031-0009,Thomas,Hall,SecondYear,Female,BAPHILO
2031-0010,Susan,Smith,ThirdYear,Male,BSIT
2031-0011,Mark,King,FourthYear,Male,BSBAMM
2031-0012,Nancy,Garcia,FirstYear,Female,BSPH
2031-0013,Patricia,Brown,ThirdYear,Female,BMLS
2031-0014,Donna,Campbell,SecondYear,Male,BPE
2031-0015,David,Torres,FourthYear,Male,BSEDMATH
2031-0016,Sarah,Davis,SecondYear,Male,BSBIO
2031-0017,Susan,Thomas,FirstYear,Male,BSBIO
2031-0018,Carol,Young,ThirdYear,Male,BSBIO
2031-0019,Sandra,Taylor,ThirdYear,Female,BSIS
2031-0020,Kevin,Perez,FirstYear,Female,BSPH
2031-0021,Elizabeth,Thomas,FirstYear,Male,BSCHM
2031-0022,Dorothy,Flores,SecondYear,Male,BAENG
2031-0023,John,Walker,FourthYear,Female,BSPH
2031-0024,Joseph,Perez,SecondYear,Female,BSCIVILENG
2031-0025,Robert,Campbell,FourthYear,Female,BSCHM
2031-0026,Betty,Perez,ThirdYear,Male,BAPOLSCI
2031-0027,Joshua,Mitchell,SecondYear,Female,BSCHM
2031-0028,Sandra,Wilson,ThirdYear,Male,BAPSYC
2031-0029,Amanda,Green,SecondYear,Female,BSEDMATH
2031-0030,Dorothy,Allen,FirstYear,Female,BSCHM
2031-0031,Dorothy,Campbell,ThirdYear,Female,BSBAMM
2031-0032,Jessica,Clark,ThirdYear,Male,BSEDMATH
2031-0033,Thomas,Adams,SecondYear,Male,BAENG
2031-0034,Thomas,Smith,FirstYear,Male,BSMATH
2031-0035,David,Martinez,FirstYear,Male,BSME
2031-0036,Karen,Jackson,SecondYear,Male,BSCOMPENG
2031-0037,Ashley,Gonzalez,FourthYear,Female,BSIT
2031-0038,Karen,Martinez,FourthYear,Male,BMLS
2031-0039,Barbara,Allen,ThirdYear,Female,BAPSYC
2031-0040,David,Walker,ThirdYear,Male,BSBAMM
2031-0041,Elizabeth,Moore,SecondYear,Female,BSCOMPENG
2031-0042,Richard,Lopez,FourthYear,Male,BSN
2031-0043,Sarah,Robinson,SecondYear,Male,BSBAFM
2031-0044,Mark,Harris,SecondYear,Male,BSEDENG
2031-0045,George,Thomas,FourthYear,Female,BSCHM
2031-0046,Melissa,Green,ThirdYear,Male,BSHRM
2031-0047,Susan,Scott,FourthYear,Female,BSBIO
2031-0048,Joseph,White,SecondYear,Female,BSEDSCI
2031-0049,Brian,Anderson,FirstYear,Male,BAPHILO
2031-0050,Mark,Smith,FirstYear,Male,BSIT
2031-0051,Paul,King,FirstYear,Female,BSENTREP
2031-0052,Jennifer,Miller,ThirdYear,Male,BSIT
2031-0053,Donald,White,FirstYear,Male,BAPHILO
2031-0054,Lisa,Lewis,FourthYear,Female,BSCS
2031-0055,Deborah,Flores,FourthYear,Male,BAPHILO
2031-0056,William,Davis,FourthYear,Male,BSCIVILENG
2031-0057,Jessica,Rivera,ThirdYear,Female,BAPOLSCI
2031-0058,Robert,Sanchez,ThirdYear,Male,BAPSYC
2031-0059,Mark,Jackson,ThirdYear,Male,BMLS
2031-0060,Paul,Mitchell,ThirdYear,Male,BPE
2031-0061,Amanda,Campbell,ThirdYear,Female,BSEDSCI
2031-0062,Elizabeth,Adams,FirstYear,Female,BSBAMM
2031-0063,Mark,Gonzalez,FirstYear,Female,BSBIO
2031-0064,Melissa,Lee,ThirdYear,Female,BSSTAT
2031-0065,Barbara,Clark,FirstYear,Female,BSCOMPENG
2031-0066,Kenneth,Jones,ThirdYear,Male,BSN
2031-0067,Kimberly,Allen,SecondYear,Male,BSECE
2031-0068,Charles,Lee,SecondYear,Male,BSBAMM
2031-0069,Susan,Hernandez,FirstYear,Male,BSEDSCI
2031-0070,Mark,Martin,SecondYear,Male,BSIT
2031-0071,Elizabeth,Gonzalez,ThirdYear,Male,BSMATH
2031-0072,Matthew,Jones,FourthYear,Female,BAPOLSCI
2031-0073,Charles,Baker,FirstYear,Male,BSMATH
2031-0074,Betty,Rivera,FourthYear,Male,BAPSYC
2031-0075,Ashley,Young,FourthYear,Male,BSEDSCI
2031-0076,Karen,Lee,FirstYear,Male,BSENTREP
2031-0077,Jessica,Lee,ThirdYear,Female,BSEDSCI
2031-0078,Carol,Harris,FirstYear,Male,BSN
2031-0079,Carol,Davis,ThirdYear,Male,BSSTAT
2031-0080,Richard,Young,ThirdYear,Male,BSCHM
2031-0081,Kenneth,Flores,SecondYear,Female,BSIS
2031-0082,Matthew,Jackson,FirstYear,Female,BAPOLSCI
2031-0083,Joseph,Clark,SecondYear,Female,BSEDMATH
2031-0084,Betty,Brown,SecondYear,Female,BSBAFM
2031-0085,George,Jackson,SecondYear,Female,BSENTREP
2031-0086,Brian,Adams,FourthYear,Male,BSBAMM
2031-0087,John,Harris,FourthYear,Male,BSEDENG
2031-0088,Deborah,Lopez,SecondYear,Male,BAPHILO
2031-0089,Karen,Davis,FirstYear,Male,BSME
2031-0090,Donald,Robinson,ThirdYear,Male,BSENTREP
2031-0091,Emily,Hernandez,ThirdYear,Female,BSIT
2031-0092,Deborah,Johnson,ThirdYear,Female,BSBIO
2031-0093,Amanda,Torres,ThirdYear,Male,BSN
2031-0094,Christopher,Nelson,FirstYear,Female,BSPH
2031-0095,Sarah,Perez,ThirdYear,Male,BSPH
2031-0096,Daniel,Campbell,FirstYear,Female,BSBAFM
2031-0097,Anthony,Hernandez,ThirdYear,Male,BAPSYC
2031-0098,Charles,Sanchez,ThirdYear,Female,BMLS
2031-0099,Linda,Lopez,SecondYear,Female,BSHRM
2031-0100,Sarah,Mitchell,SecondYear,Female,BSIS
2032-0001,Steven,Lee,FourthYear,Female,BSSTAT
2032-0002,Steven,Adams,FirstYear,Male,BSIT
2032-0003,Anthony,Jones,FourthYear,Female,BAENG
2032-0004,Andrew,Martinez,ThirdYear,Female,BSIS
2032-0005,Mary,Wilson,ThirdYear,Male,BSIS
2032-0006,Emily,Williams,FourthYear,Female,BSBAMM
2032-0007,Betty,Williams,ThirdYear,Female,BSEDMATH
2032-0008,Karen,Moore,FourthYear,Male,BAENG
2032-0009,Kenneth,Anderson,ThirdYear,Female,BSCOMPENG
2032-0010,Patricia,Nguyen,FourthYear,Female,BAPHILO
2032-0011,Donald,Thomas,FirstYear,Male,BAENG
2032-0012,Michelle,Ramirez,ThirdYear,Male,BSEDSCI
2032-0013,Joseph,Nelson,ThirdYear,Female,BAPOLSCI
2032-0014,Robert,Taylor,FourthYear,Male,BSPH
2032-0015,Karen,Adams,FourthYear,Male,BSPH
2032-0016,Melissa,Ramirez,FourthYear,Male,BSBAFM
2032-0017,William,Mitchell,SecondYear,Male,BSME
2032-0018,Barbara,White,FirstYear,Male,BMLS
2032-0019,Charles,Scott,ThirdYear,Male,BSEDENG
2032-0020,Charles,Smith,ThirdYear,Female,BSSTAT
2032-0021,Kevin,Robinson,ThirdYear,Male,BAPHILO
2032-0022,Kevin,Taylor,ThirdYear,Female,BSCIVILENG
2032-0023,Christopher,Walker,FirstYear,Male,BSCIVILENG
2032-0024,Amanda,Perez,ThirdYear,Male,BSEDMATH
2032-0025,Donald,Wright,FourthYear,Female,BAENG
2032-0026,Carol,Wright,FirstYear,Female,BSEDMATH
2032-0027,James,Hill,FirstYear,Male,BAENG
2032-0028,Susan,Rodriguez,FirstYear,Male,BSEDSCI
2032-0029,Thomas,Miller,ThirdYear,Female,BSCHM
2032-0030,Elizabeth,Rivera,ThirdYear,Female,BSBAFM
2032-0031,Sarah,Moore,FirstYear,Male,BASOC
2032-0032,Jennifer,Nguyen,FourthYear,Female,BSBAFM
2032-0033,Steven,Williams,ThirdYear,Male,BSCS
2032-0034,Barbara,Harris,FourthYear,Female,BSCHM
2032-0035,Patricia,Wright,SecondYear,Female,BMLS
2032-0036,Robert,Mitchell,FourthYear,Female,BSSTAT
2032-0037,Jessica,Wright,FourthYear,Male,BSCHM
2032-0038,Patricia,Garcia,SecondYear,Male,BAPOLSCI
2032-0039,Amanda,Williams,FirstYear,Male,BSEE
2032-0040,Daniel,Nguyen,ThirdYear,Male,BSMATH
2032-0041,Emily,Lopez,FourthYear,Female,BSEDSCI
2032-0042,Sarah,Baker,FirstYear,Female,BASOC
2032-0043,Mark,Jones,FourthYear,Male,BSCHM
2032-0044,Donald,King,ThirdYear,Male,BAENG
2032-0045,Kimberly,Green,FourthYear,Male,BAPHILO
2032-0046,Linda,Baker,SecondYear,Male,BSCS
2032-0047,Jessica,Wilson,FourthYear,Male,BSCS
2032-0048,George,Hernandez,FourthYear,Male,BSBAMM
2032-0049,Steven,Brown,FirstYear,Male,BSIS
2032-0050,Charles,Miller,FourthYear,Female,BSME
2032-0051,Donna,Johnson,ThirdYear,Female,BSHRM
2032-0052,Andrew,Lewis,ThirdYear,Female,BSN
2032-0053,Kenneth,Young,SecondYear,Male,BSBIO
2032-0054,Nancy,Lee,FourthYear,Male,BSPH
2032-0055,Charles,Gonzalez,FirstYear,Female,BSCHM
2032-0056,Donna,Thompson,SecondYear,Female,BSSTAT
2032-0057,Melissa,Hall,FourthYear,Male,BSEDMATH
2032-0058,Paul,Scott,FirstYear,Female,BSEDSCI
2032-0059,Daniel,Gonzalez,FirstYear,Male,BSHRM
2032-0060,Donald,Hill,ThirdYear,Male,BSECE
2032-0061,James,Moore,ThirdYear,Male,BAPSYC
2032-0062,Karen,Garcia,FourthYear,Female,BMLS
2032-0063,Betty,Torres,FirstYear,Female,BSCHM
2032-0064,Paul,Miller,FourthYear,Female,BSECE
2032-0065,Daniel,Jones,FourthYear,Male,BSCHM
2032-0066,Jennifer,Sanchez,ThirdYear,Female,BSBAFM
2032-0067,Anthony,Lopez,FourthYear,Female,BSEDENG
2032-0068,Joseph,Davis,ThirdYear,Male,BSCS
2032-0069,William,Green,ThirdYear,Male,BSENTREP
2032-0070,Charles,Mitchell,SecondYear,Male,BMLS
2032-0071,Kenneth,Harris,FirstYear,Female,BSECE
2032-0072,Karen,Rodriguez,ThirdYear,Male,BSME
2032-0073,Michael,Johnson,SecondYear,Male,BSIS
2032-0074,Paul,Lewis,SecondYear,Male,BSCS
2032-0075,Amanda,Rodriguez,ThirdYear,Male,BSHRM
2032-0076,Melissa,White,SecondYear,Male,BAPOLSCI
2032-0077,Patricia,Wilson,FourthYear,Female,BSEDMATH
2032-0078,Mark,Wilson,FourthYear,Female,BSHRM
2032-0079,Amanda,Lewis,FirstYear,Female,BSBIO
2032-0080,Donald,Harris,FirstYear,Female,BSHRM
2032-0081,Christopher,Jackson,FourthYear,Male,BSCIVILENG
2032-0082,Michael,Campbell,FirstYear,Female,BSCHM
2032-0083,Mary,Nelson,ThirdYear,Male,BSIS
2032-0084,Joseph,Walker,FirstYear,Female,BSIS
2032-0085,John,Flores,SecondYear,Female,BSCS
2032-0086,Richard,Walker,SecondYear,Female,BSECE
2032-0087,William,Martinez,FourthYear,Male,BSIT
2032-0088,Robert,Johnson,SecondYear,Male,BSEDENG
2032-0089,Joshua,Miller,FourthYear,Female,BSBAMM
2032-0090,Elizabeth,Allen,SecondYear,Male,BSCIVILENG
2032-0091,Donna,Smith,FourthYear,Male,BSMATH
2032-0092,Michael,Sanchez,FourthYear,Male,BSCS
2032-0093,Sarah,Flores,ThirdYear,Female,BSPH
2032-0094,Mary,Hill,FirstYear,Male,BSPH
2032-0095,Sarah,Ramirez,ThirdYear,Male,BSME
2032-0096,Jennifer,Rodriguez,ThirdYear,Male,BAPSYC
2032-0097,Anthony,Baker,FirstYear,Female,BSEDMATH
2032-0098,Patricia,Lopez,ThirdYear,Female,BSEDSCI
2032-0099,Steven,King,FirstYear,Female,BSHRM
2032-0100,Betty,Smith,FirstYear,Female,BSCIVILENG
2033-0001,Steven,Baker,FirstYear,Male,BSIS
2033-0002,Carol,Gonzalez,SecondYear,Female,BAPHILO
2033-0003,Robert,Green,SecondYear,Female,BAENG
2033-0004,Kenneth,Rodriguez,FourthYear,Female,BSEDENG
2033-0005,Ashley,Taylor,ThirdYear,Male,BSEDMATH
2033-0006,Robert,Ramirez,FirstYear,Female,BSHRM
2033-0007,Barbara,Nelson,FourthYear,Female,BSECE
2033-0008,Anthony,Davis,SecondYear,Female,BSBAMM
2033-0009,Nancy,Gonzalez,ThirdYear,Female,BSCIVILENG
2033-0010,Charles,Moore,FourthYear,Female,BAPHILO
2033-0011,Susan,Torres,FourthYear,Male,BSIT
2033-0012,John,Clark,ThirdYear,Male,BSCIVILENG
2033-0013,Deborah,Anderson,SecondYear,Male,BSMATH
2033-0014,Susan,Rivera,ThirdYear,Female,BSN
2033-0015,Richard,Allen,FirstYear,Female,BSCS
2033-0016,Mary,Allen,FirstYear,Female,BSCS
2033-0017,Anthony,Perez,FirstYear,Female,BAPSYC
2033-0018,Ashley,Hall,SecondYear,Female,BSCOMPENG
2033-0019,Ashley,Scott,SecondYear,Male,BSEDENG
2033-0020,David,Moore,FourthYear,Male,BSBAFM
2033-0021,Jennifer,Wilson,FourthYear,Female,BSEE
2033-0022,Susan,King,FourthYear,Female,BSBAMM
2033-0023,Karen,Thompson,ThirdYear,Male,BSHRM
2033-0024,Michael,Martinez,FirstYear,Female,BSMATH
2033-0025,Donna,White,FourthYear,Female,BSCS
2033-0026,Donald,Brown,SecondYear,Female,BSME
2033-0027,David,Martin,FourthYear,Male,BSBIO
2033-0028,Robert,Flores,ThirdYear,Female,BSEDENG
2033-0029,Emily,Hall,SecondYear,Female,BAPOLSCI
2033-0030,Barbara,Mitchell,SecondYear,Male,BAENG
2033-0031,Thomas,Rodriguez,ThirdYear,Male,BSENTREP
2033-0032,William,Hill,FourthYear,Female,BAPOLSCI
2033-0033,Donald,Allen,FourthYear,Female,BSBIO
2033-0034,David,Garcia,ThirdYear,Male,BSCS
2033-0035,Jessica,Nelson,SecondYear,Male,BSIS
2033-0036,Susan,Campbell,FirstYear,Male,BSHRM
2033-0037,Anthony,Rivera,FirstYear,Male,BSIT
2033-0038,Matthew,Rivera,FourthYear,Male,BSCOMPENG
2033-0039,Betty,White,ThirdYear,Female,BSCOMPENG
2033-0040,Deborah,King,ThirdYear,Female,BAENG
2033-0041,Mary,Garcia,FourthYear,Male,BSEE
2033-0042,Deborah,Rodriguez,FourthYear,Female,BAPSYC
2033-0043,Robert,Nguyen,FourthYear,Male,BSEDENG
2033-0044,Betty,Taylor,FourthYear,Male,BSMATH
2033-0045,Amanda,Hall,SecondYear,Female,BSENTREP
2033-0046,Steven,Smith,FourthYear,Female,BSCIVILENG
2033-0047,James,Nguyen,ThirdYear,Male,BSENTREP
2033-0048,Joshua,Hill,SecondYear,Male,BPE
2033-0049,Matthew,Hernandez,FirstYear,Female,BSN
2033-0050,Matthew,Lewis,FourthYear,Female,BMLS
2033-0051,Dorothy,King,SecondYear,Male,BMLS
2033-0052,Nancy,Allen,ThirdYear,Male,BMLS
2033-0053,Mary,Miller,FirstYear,Female,BPE
2033-0054,David,King,FourthYear,Male,BSIS
2033-0055,Jennifer,Gonzalez,FourthYear,Female,BSCOMPENG
2033-0056,David,Jackson,FirstYear,Male,BMLS
2033-0057,Susan,Clark,ThirdYear,Male,BSN
2033-0058,Michael,Davis,FirstYear,Female,BSBIO
2033-0059,Richard,Rodriguez,SecondYear,Female,BPE
2033-0060,Paul,Thomas,FourthYear,Female,BSECE
2033-0061,Lisa,Lopez,FirstYear,Male,BAENG
2033-0062,Ashley,Johnson,FirstYear,Male,BSN
2033-0063,Joseph,King,SecondYear,Male,BAPHILO
2033-0064,Andrew,Mitchell,ThirdYear,Female,BSCHM
2033-0065,George,Young,FourthYear,Male,BSCS
2033-0066,Michael,Moore,FourthYear,Female,BSME
2033-0067,Donald,Hernandez,SecondYear,Female,BSSTAT
2033-0068,Carol,Thompson,FourthYear,Female,BSECE
2033-0069,Jennifer,Hall,SecondYear,Female,BSBIO
2033-0070,Michael,King,SecondYear,Female,BAPSYC
2033-0071,Joseph,Moore,FourthYear,Female,BSMATH
2033-0072,Dorothy,Lewis,FirstYear,Male,BSEDENG
2033-0073,Michelle,Jones,ThirdYear,Female,BSEDENG
2033-0074,Thomas,Flores,FirstYear,Male,BSHRM
2033-0075,Thomas,Lee,FirstYear,Female,BMLS
2033-0076,Melissa,King,FourthYear,Female,BSHRM
2033-0077,Karen,Wilson,FirstYear,Female,BAPSYC
2033-0078,Brian,Miller,FourthYear,Male,BSECE
2033-0079,Paul,Moore,FourthYear,Female,BAENG
2033-0080,Elizabeth,Nguyen,ThirdYear,Male,BSEDSCI
2033-0081,Linda,Mitchell,FourthYear,Female,BSENTREP
2033-0082,Amanda,Hill,FourthYear,Female,BSMATH
2033-0083,Christopher,Miller,ThirdYear,Female,BSENTREP
2033-0084,Matthew,Lopez,FirstYear,Male,BSN
2033-0085,Dorothy,Davis,SecondYear,Male,BPE
2033-0086,Melissa,Campbell,SecondYear,Male,BSEDMATH
2033-0087,Elizabeth,Hall,ThirdYear,Female,BSME
2033-0088,Robert,Gonzalez,ThirdYear,Male,BSECE
2033-0089,Michelle,Martin,ThirdYear,Male,BAPOLSCI
2033-0090,Dorothy,Thompson,ThirdYear,Female,BSCS
2033-0091,George,Torres,ThirdYear,Male,BSCIVILENG
2033-0092,Joseph,Rivera,FirstYear,Female,BAPSYC
2033-0093,Paul,White,SecondYear,Female,BPE
2033-0094,Michelle,Perez,FourthYear,Female,BSBAMM
2033-0095,Mark,Perez,FourthYear,Female,BSMATH
2033-0096,Emily,Martinez,SecondYear,Male,BASOC
2033-0097,Nancy,Lopez,ThirdYear,Male,BSN
2033-0098,Brian,Lee,SecondYear,Male,BSMATH
2033-0099,Linda,White,ThirdYear,Female,BSME
2033-0100,Kevin,Wright,ThirdYear,Male,BSBAFM
END/This is the end of the file/END
